insert into specializations(id, name) values (1, 'psychiatra'), (2, 'psychoterapeuta'), (3, 'psychoterapeuta uzależnień'), (4, 'diagnosta');

insert into patients(insurance, dateOfBirth, firstName, lastName, pesel) values ('1234567891', '2000-01-01', 'Jan', 'Kowalski', '00210111251'), ('1234567892', '2002-01-01', 'Adam', 'Nowak', '02210144134'), ('1234567893', '1990-01-01', 'Jerzy', 'Wójcik', '90010165552');

insert into diagnoses(id, name, evaluationCriteria) values (1, 'F00 Otępienia w chorobie Alzheimera', '• obecność:</br>— zaburzeń pamięci (”najwyraźniejsze w zakresie uczenia się nowych informacji”)</br>— zaburzeń innych funkcji poznawczych (osądu, myślenia, planowania, organizowania, ogólnego przetwarzania informacji), które pogorszyły się w stosunku do wcześniejszego, wyższego poziomu; w obu przypadkach w stopniu powodującym zaburzenia funkcjonowania w życiu codziennym; istnienie tych zaburzeń udokumentowano w rzetelnym wywiadzie od osób z najbliższego otoczenia chorego i, w miarę możliwości, w wynikach badania neuropsychologicznego lub „ilościowymi metodami oceny procesów poznawczych”</br>• zachowana „świadomość otoczenia”, tj. brak przymglenia świadomości (definiowanego jako „zmniejszona jasność” rozpoznawania otoczenia, z mniejszą zdolnością koncentracji, podtrzymywania i przemieszczania uwagi), przynajmniej przez czas niezbędny do stwierdzenia zaburzeń funkcji poznawczych; „w przypadku nawarstwienia się epizodów zaburzeń świadomości (delirium) rozpoznanie otępienia należy odroczyć”</br>• zmniejszenie emocjonalnej kontroli nad motywacją albo zmiana zachowań społecznych przejawiająca się co najmniej jednym z następujących objawów:</br>— chwiejność emocjonalna</br>— drażliwość</br>— apatia</br>— prymitywizacja zachowań społecznych</br>• występowanie zaburzeń pamięci oraz innych funkcji poznawczych od co najmniej 6 miesięcy</br>');
insert into diagnoses(id, name, evaluationCriteria) values (2, 'F00.0 Otępienie w chorobie Alzheimera o wczesnym początku', 'Choroba Alzheimera typu 2, otępienie przedstarcze typu Alzheimera, pierwotne otępienie zwyrodnieniowe typu Alzheimera, rozpoczynające się przed okresem starczym');
insert into diagnoses(id, name, evaluationCriteria) values (3, 'F00.1 Otępienie w chorobie Alzheimera o późnym początku', 'Choroba Alzheimera typu 1, pierwotne otępienie zwyrodnieniowe typu Alzheimera, rozpoczynające się w wieku starczym, otępienie starcze typu Alzheimera');
insert into diagnoses(id, name, evaluationCriteria) values (5, 'F00.2 Otępienie atypowe lub mieszane w chorobie Alzheimera', 'Otępienie atypowe typu Alzheimera');
insert into diagnoses(id, name, evaluationCriteria) values (6, 'F00.9 Otępienie w chorobie Alzheimera, nieokreślone', 'brak');
insert into diagnoses(id, name, evaluationCriteria) values (7, 'F01 Otępienie naczyniowe', 'Otępienie naczyniowe powstaje wskutek zawałów mózgu spowodowanych chorobą naczyniową, m.in. chorobą nadciśnieniową naczyń mózgowych. Zawały są zwykle małe, ale ich efekty kumulują się. Początek zwykle w późniejszym wieku.');
insert into diagnoses(id, name, evaluationCriteria) values (8, 'F01.0 Otępienie naczyniowe z ostrym początkiem', 'Otępienie rozwija się zwykle gwałtownie po udarze spowodowanym zakrzepem, zatorem lub krwotokiem naczyń mózgowych. Rzadko przyczyną może być pojedynczy, duży zawał.');
insert into diagnoses(id, name, evaluationCriteria) values (9, 'F01.1 Otępienie wielozawałoweu', 'Otępienie rozwija się stopniowo, występuje po szeregu mniejszych epizodach niedokrwiennych, powodujących akumulację zawałów w miąższu mózgu. Jest to głównie otępienie korowe. Otępienie głównie korowe');
insert into diagnoses(id, name, evaluationCriteria) values (10, 'F01.2 Otępienie naczyniowe podkorowe', 'Obejmuje osoby z nadciśnieniem tętniczym w wywiadzie i ogniskami niedokrwiennymi w głębi istoty białej półkul mózgowych. Kora mózgu jest zwykle niezajęta, co kontrastuje z obrazem klinicznym, który może przypominać otępienie w chorobie Alzheimera.');
insert into diagnoses(id, name, evaluationCriteria) values (11, 'F01.3 Otępienie naczyniowe mieszane korowe i podkorowe', '');
insert into diagnoses(id, name, evaluationCriteria) values (12, 'F01.8 Inne rodzaje otępienia naczyniowego', 'brak');
insert into diagnoses(id, name, evaluationCriteria) values (13, 'F01.9 Otępienie naczyniowe, nieokreślone', 'brak');
insert into diagnoses(id, name, evaluationCriteria) values (14, 'F32 Epizod depresyjny', 'W typowych łagodnych, umiarkowanych lub ciężkich epizodach depresyjnych pacjent cierpi z powodu obniżenia nastroju, ubytku energii, zmniejszenia aktywności. Zmniejszone jest odczuwanie przyjemności, zakres zainteresowań i koncentracja są obniżone, często pojawia się znaczne zmęczenie, nawet po małym wysiłku. Sen jest zwykle zaburzony, apetyt obniżony. Samoocena i pewność siebie są niemal zawsze zmniejszone, nawet w łagodnych stanach depresyjnych pojawiają się idee winy i małej wartości. Obniżenie nastroju nie ulega większym zmianom w kolejnych dniach, jest niezależne od bieżących wydarzeń, mogą mu towarzyszyć tzw. objawy somatyczne: utrata zainteresowania przyjemnością i obniżenie zdolności do jej przeżywania, wczesne budzenie się (kilka godz. wcześniej niż zwykle), narastanie depresji w godz. porannych, wyraźne zahamowanie psychoruchowe, pobudzenie ruchowe, utrata apetytu, ubytek mc. i utrata libido');
insert into diagnoses(id, name, evaluationCriteria) values (15, 'F32.0 Epizod depresji łagodny', 'Zazwyczaj występują dwa lub trzy z wyżej wymienionych objawów. Pacjent jest z tego powodu zaniepokojony i zwykle jest w stanie podołać większości swoich obowiązków');
insert into diagnoses(id, name, evaluationCriteria) values (16, 'F32.1 Epizod depresji umiarkowany', 'Zazwyczaj występują dwa lub trzy z wyżej wymienionych objawów. Pacjent jest z tego powodu zaniepokojony i zwykle jest w stanie podołać większości swoich obowiązków');
insert into diagnoses(id, name, evaluationCriteria) values (17, 'F32.2 Epizod depresji ciężki, bez objawów psychotycznych', 'Epizod depresji, w którym kilka z wyżej wymienionych objawów osiąga znaczne nasilenie i jest źródłem przygnębienia; typowa jest utrata poczucia własnej wartości, niska samoocena i poczucie winy. Często pojawiają się myśli i próby samobójcze, zazwyczaj występuje też szereg objawów somatycznych. Depresja z podnieceniem, depresja duża, depresja witalna');
insert into diagnoses(id, name, evaluationCriteria) values (18, 'F32.3 Epizod depresji ciężki, z objawami psychotycznymi', 'Epizod depresji jak opisany w F32.2, ale z omamami, urojeniami, zahamowaniem psychoruchowym lub osłupieniem uniemożliwiającym wykonywanie podstawowych codziennych czynności; stan ten może zagrażać życiu w związku z ryzykiem samobójstwa, odwodnieniem lub głodowaniem. Treść omamów i urojeń może, ale nie musi być zgodna z obniżonym nastrojem. Pojedynczy epizod: dużej depresji z objawami psychotycznymi, psychozy depresyjnej psychogennej, depresji psychotycznej, psychozy depresyjnej reaktywnej');
insert into diagnoses(id, name, evaluationCriteria) values (19, 'F32.8 Inne epizody depresyjne', 'Depresja atypowa, pojedyncze epizody "depresji maskowanej" BNO');
insert into diagnoses(id, name, evaluationCriteria) values (20, 'F32.9 Epizod depresyjny, nieokreślony', 'Depresja BNO, zaburzenia depresyjne BNO');
insert into diagnoses(id, name, evaluationCriteria) values (21, 'F33 Zaburzenie depresyjne nawracające, obecnie epizod depresyjny łagodny', 'Zaburzenia te cechują się powtarzającymi się epizodami depresji, opisanej jako epizod depresyjny (F32.–), bez jakichkolwiek niezależnych epizodów wzmożonego nastroju i zwiększonej energii (mania) w przeszłości. Bezpośrednio po epizodzie depresyjnym mogą jednak wystąpić krótkotrwałe stany podwyższenia nastroju i zwiększonej aktywności (hipomania), niekiedy związane ze stosowaniem leczenia przeciwdepresyjnego. Cięższe postacie nawracających zaburzeń depresyjnych (F33.2 i F33.3) wykazują wiele cech wspólnych z wcześniejszymi koncepcjami diagnostycznymi, takimi jak: depresja w przebiegu psychozy maniakalno-depresyjnej, melancholia, depresja witalna i depresja endogenna. 1-szy epizod może wystąpić w każdym wieku, począwszy od dzieciństwa aż do wieku podeszłego. Początek bywa ostry lub powolny, czas trwania od kilku tyg. do wielu m-cy. Ryzyko pojawienia się epizodu maniakalnego u chorych z nawracającymi zaburzeniami depresyjnymi nigdy całkowicie nie znika, niezależnie od liczby przebytych epizodów depresyjnych');
insert into diagnoses(id, name, evaluationCriteria) values (23, 'F33.0 Zaburzenie depresyjne nawracające, obecnie epizod depresyjny łagodny', 'Zaburzenie charakteryzują nawracające epizody depresji. Obecny epizod wykazuje łagodne nasilenie, jak F32.0, a w przeszłości nie występowały zaburzenia maniakalne');
insert into diagnoses(id, name, evaluationCriteria) values (24, 'F33.1 Zaburzenie depresyjne nawracające, obecnie epizod depresyjny umiarkowany', 'Zaburzenie charakteryzują nawracające epizody depresji. Obecny epizod wykazuje umiarkowane nasilenie, jak F32.1, a w przeszłości nie występowały zaburzenia maniakalne');
insert into diagnoses(id, name, evaluationCriteria) values (25, 'F33.2 Zaburzenie depresyjne nawracające, obecnie epizod depresji ciężkiej bez objawów psychotycznych', 'Zaburzenie charakteryzują nawracające epizody depresji. obecny epizod wykazuje ciężkie nasilenie bez objawów psychotycznych, jak F32.2, a w przeszłości nie występowały zaburzenia maniakalne. Depresja endogenna bez objawów psychotycznych, duża depresja nawracająca, bez objawów psychotycznych, psychoza maniakalno-depresyjna, postać depresyjna bez objawów psychotycznych, depresja witalna nawracająca, bez objawów psychotycznych');
insert into diagnoses(id, name, evaluationCriteria) values (26, 'F33.3 Zaburzenie depresyjne nawracające, obecnie epizod depresji ciężkiej z objawami psychotycznymi', 'Zaburzenie charakteryzują nawracające epizody depresji. Obecny epizod wykazuje ciężkie nasilenie z objawami psychotycznymi, jak F32.3, a w przeszłości nie występowały zaburzenia maniakalne. Depresja endogenna z objawami psychotycznymi, psychoza maniakalno-depresyjna, postać depresyjna z objawami psychotycznymi. Nawracające ciężkie epizody: dużej depresji z objawami psychotycznymi, psychozy depresyjnej psychogennej, depresji psychotycznej, psychozy depresyjnej reaktywnej');
insert into diagnoses(id, name, evaluationCriteria) values (27, 'F33.4 Zaburzenie depresyjne nawracające, obecnie stan remisji', 'Pacjent przebył w przeszłości 2 lub więcej epizodów depresyjnych, takich jak F33.0–F33.3, ale w okresie ostatnich kilku m-cy nie występują objawy depresji');
insert into diagnoses(id, name, evaluationCriteria) values (28, 'F33.8 Inne nawracające zaburzenia depresyjne', ' brak');
insert into diagnoses(id, name, evaluationCriteria) values (29, 'F33.9 Nawracające zaburzenia depresyjne, nieokreślone', 'Depresja jednobiegunowa BNO');
insert into diagnoses(id, name, evaluationCriteria) values (30, 'F40 Zaburzenia lękowe w postaci fobii', 'W tej grupie zaburzeń lęk wywoływany jest tylko lub przede wszystkim przez pewne określone sytuacje, które w rzeczywistości nie są groźne. W następstwie tego pacjent w charakterystyczny sposób unika tych sytuacji, a zetknąwszy się z nimi odczuwa przerażenie. Obawy pacjenta mogą koncentrować się na pojedynczych doznaniach, takich jak kołatanie serca lub uczucie omdlewania. Często są one powiązane z lękiem przed śmiercią, utratą kontroli nad postępowaniem czy przed chorobą psychiczną. Sama myśl o znalezieniu się w sytuacji fobicznej powoduje zazwyczaj wystąpienie lęku antycypacyjnego. Lęk fobiczny często współwystępuje z depresją. Odpowiedź na to, czy należy postawić oba rozpoznania: lęku fobicznego i epizodu depresyjnego, czy też tylko jedno, zależy od przebiegu tych 2 zaburzeń w czasie, wyników rozpoznania różnicowego, a także od zamierzeń terapeutycznych w czasie badania');
insert into diagnoses(id, name, evaluationCriteria) values (31, 'F40.0 Agorafobia', 'Termin ten oznacza wyraźnie określoną grupę fobii obejmujących strach przed wyjściem z domu, wejściem do sklepu, przed tłumem i miejscami publicznymi, czy przed samotnym podróżowaniem pociągiem, autobusem lub samolotem. Częstą cechą zarówno obecnego, jak i poprzednich epizodów jest występowanie lęku napadowego. Jako dodatkowe cechy zaburzenia występują również objawy depresyjne, natręctwa i fobie społeczne. Nierzadko zdarza się unikanie sytuacji fobicznych, w związku z czym niektórzy pacjenci nie mają doświadczeń z odczuwaniem intensywnego lęku. Agorafobia bez lęku panicznego w wywiadzie, Agorafobia z lękiem panicznym');
insert into diagnoses(id, name, evaluationCriteria) values (32, 'F40.1 Fobie społeczne', 'Polega na strachu przed oceną innych ludzi, który prowadzi do unikania sytuacji społecznych. Bardziej uogólnione fobie społeczne zwykle wiążą się z niską samooceną i strachem przed krytyką. Mogą one przejawiać się w formie dolegliwości takich jak czerwienienie się, drżenie rąk, nudności lub parcie na mocz. Pacjent często bywa przekonany, że te wtórne przejawy lęku stanowią pierwotny problem. Objawy mogą nasilać się aż do napadu lęku panicznego. Antropofobia, nerwica społeczna');
insert into diagnoses(id, name, evaluationCriteria) values (33, 'F40.2 Specyficzne (izolowane) postacie fobii', 'Fobie ograniczone do bardzo specyficznych sytuacji, jak przebywanie w pobliżu niektórych zwierząt, wysokość, burza z piorunami, ciemność, lot samolotem, zamknięte przestrzenie, korzystanie z publicznych toalet, jedzenie pewnych pokarmów, wizyta u dentysty, widok krwi czy ran. Choć sytuacja wywołująca jest wyraźnie określona, kontakt z nią może spowodować napad paniki, jak w agorafobii czy w fobiach społecznych. Akrofobia, fobie związane ze zwierzętami, klaustrofobia');
insert into diagnoses(id, name, evaluationCriteria) values (34, 'F40.8 Inne zaburzenia lękowe w postaci fobii', 'brak');
insert into diagnoses(id, name, evaluationCriteria) values (35, 'F40.9 Fobie nieokreślone', 'Fobia BNO, stan fobii BNO');
insert into diagnoses(id, name, evaluationCriteria) values (36, 'F42 Zaburzenia obsesyjno-kompulsyjne', 'Istotną cechą tego zaburzenia są nawracające uporczywe myśli natrętne lub czynności przymusowe. Myśli natrętne to idee, wyobrażenia czy impulsy, które pojawiają się w świadomości w sposób stereotypowy. Nieomal zawsze są przeżywane w sposób przykry i pacjent często próbuje bezskutecznie się im przeciwstawiać. Chociaż pojawiają się wbrew woli i budzą wewnętrzny sprzeciw, są mimo wszystko uznawane za własne myśli. Czynności przymusowe czy rytuały są to stereotypowe i wielokrotnie powtarzane zachowania. Nie sprawiają one pacjentowi przyjemności, ani też nie są związane z wykonywaniem użytecznych czynności. Mają one zapobiegać jakimś mało prawdopodobnym wydarzeniom, które – według pacjenta – mogłyby nastąpić, gdyby zaniechał wykonania rytuału. Często te domniemane wydarzenia związane są z wyrządzeniem przez pacjenta krzywdy sobie lub komuś. Zachowanie to pacjent zwykle postrzega jako bezsensowne lub niepotrzebne i często próbuje mu się opierać');
insert into diagnoses(id, name, evaluationCriteria) values (37, 'F42.0 Zaburzenie z przewagą myśli czy ruminacji natrętnych', 'Może przejawiać się w postaci myśli, wyobrażeń czy impulsów do działania, niemal zawsze bardzo przykrych dla pacjenta. Czasem myśli te mają postać niekończących się rozważań uniemożliwiających podejmowanie najprostszych decyzji niezbędnych w życiu codziennym. Powiązanie między natrętnymi ruminacjami a depresją jest szczególnie ścisłe. Rozpoznanie nerwicy natręctw należy preferować tylko w przypadku, gdy ruminacje powstają lub utrzymują się poza epizodem depresyjnym');
insert into diagnoses(id, name, evaluationCriteria) values (38, 'F42.1 Zaburzenie z przewagą czynności natrętnych [rytuały obsesyjne]', 'Większość czynności przymusowych dotyczy czystości (szczególnie mycia rąk), ciągłego porządkowania, czyszczenia i sprawdzania wszystkiego, w celu niedopuszczenia do niebezpiecznej sytuacji. U podstaw tego zachowania leży zazwyczaj strach przed niebezpieczeństwem zagrażającym pacjentowi, lub spowodowanym przez pacjenta, natomiast czynność rytualna jest bezskuteczną czy symboliczną próbą odwrócenia tego niebezpieczeństwa');
insert into diagnoses(id, name, evaluationCriteria) values (39, 'F42.2 Myśli i czynności natrętne, mieszane', 'brak');
insert into diagnoses(id, name, evaluationCriteria) values (40, 'F42.8 Inne natręctwa', 'brak');
insert into diagnoses(id, name, evaluationCriteria) values (41, 'F42.9 Natręctwa BNO', 'brak');
insert into diagnoses(id, name, evaluationCriteria) values (42, 'F43 Reakcja na ciężki stres i zaburzenia adaptacyjne', 'Podstawą wydzielenia tej kategorii zaburzeń są nie tylko objawy i przebieg, ale również stwierdzenie jednego z 2 czynników przyczynowych: wyjątkowo stresującego wydarzenia życiowego, powodującego ostrą reakcję na stres albo znaczącej zmiany życiowej prowadzącej do trwałej, przykrej sytuacji, która powoduje zaburzenia adaptacyjne. Mniej ciężkie stresy psychospołeczne („wydarzenia życiowe”) mogą przyczyniać się do wystąpienia całego szeregu zaburzeń sklasyfikowanych w innych miejscach tego rozdziału, ale ich znaczenie etiologiczne nie jest zawsze oczywiste i zależy od osobniczej wrażliwości pacjenta. Oznacza to, że wydarzenia życiowe nie są konieczne, ani wystarczające aby wyjaśnić wystąpienie zaburzenia i kształtowanie się jego obrazu klinicznego');
insert into diagnoses(id, name, evaluationCriteria) values (43, 'F43.0 Ostra reakcja na stres', 'Przemijające zaburzenie, które rozwija się w odpowiedzi na wyjątkowo silny stres fizyczny lub psychiczny u osoby, która nie wykazuje innego zaburzenia psychicznego. Zaburzenie to zazwyczaj ustępuje w ciągu kilku godz. lub dni. Geneza i nasilenie ostrej reakcji na stres zależy przede wszystkim od osobniczej wrażliwości i umiejętności radzenia sobie ze stresem. Objawy cechuje duża różnorodność i zmienność. Na początku występuje stan „oszołomienia” z pewnym zawężeniem pola świadomości i uwagi, niemożnością rozumienia bodźców i zaburzeniami orientacji. Potem może pojawić się dalsze wyłączenie z otaczającej sytuacji (aż do osłupienia dysocjacyjnego – F44.2) albo pobudzenie i nadmierna aktywność (reakcja ucieczki lub fugi). Często występują wegetatywne znamiona panicznego lęku (przyspieszona akcja serca, poty, zaczerwienienie). Objawy uzewnętrzniają się w ciągu kilku minut po zadziałaniu stresowego bodźca czy wydarzenia i zanikają w ciągu 2-3 dni (często w okresie kilku godz.). Ostra: reakcja kryzysowa, reakcja na stres, wyczerpanie walką, stan kryzysowy, Szok psychiczny');
insert into diagnoses(id, name, evaluationCriteria) values (44, 'F43.1 Zaburzenie stresowe pourazowe', 'Opóźniona lub przedłużona reakcja na wydarzenie czy sytuację stresową (krótką lub długotrwałą) o wyjątkowo zagrażającym lub katastroficznym charakterze, która mogłaby wywołać niezwykle ciężkie przeżycia nieomal u każdego. Czynniki predysponujące, takie jak cechy osobowości (np. anankastyczna, asteniczna) lub wcześniejsze dekompensacje nerwicowe, mogą obniżać próg podatności na rozwój tego zaburzenia lub przyczynić się do zaostrzenia jego przebiegu, ale nie są one konieczne ani wystarczające do jego wystąpienia. Typowe objawy obejmują wielokrotne przeżywanie urazowej sytuacji w natrętnych wspomnieniach (reminiscencjach) i koszmarach sennych. Pojawiają się one na tle poczucia „odrętwienia” i przytępienia uczuciowego, odizolowania od innych ludzi, braku reakcji na otoczenie, anhedonii, a także unikania działań i sytuacji, które mogłyby przypomnieć przebyty uraz. Zazwyczaj występuje stan nadmiernego pobudzenia wegetatywnego z nadmierną czujnością i wzmożoną reaktywnością na bodźce oraz bezsennością. Nerwica urazowa');
insert into diagnoses(id, name, evaluationCriteria) values (45, 'F43.2 Zaburzenia adaptacyjne', 'Są to stany napięcia, niepokoju, przygnębienia i zaburzeń emocjonalnych, które powstają w okresie adaptacji do dużych zmian życiowych lub do stresującego wydarzenia życiowego i zazwyczaj utrudniają społeczne przystosowanie i efektywne działanie. Stresor może zaburzać integralność społecznego układu odniesienia jednostki (osierocenie, przeżycia związane z separacją) lub szerszego systemu wsparcia społecznego i systemu wartości (migracja, status uchodźcy). Może też stanowić ważny etap rozwoju, czy kryzys rozwojowy (pójście do szkoły, rodzicielstwo, niemożność osiągnięcia ważnych celów osobistych, przejście na emeryturę). Indywidualne predyspozycje czy wrażliwość odgrywają ważną rolę w genezie i kształtowaniu objawów, ale zakłada się, że zaburzenie to nie wystąpiłoby bez działania czynnika stresowego. Wstrząs kulturowy, reakcja żałobna, choroba szpitalna u dzieci');
insert into diagnoses(id, name, evaluationCriteria) values (46, 'F43.8 Inne reakcje na ciężki stres', 'brak');
insert into diagnoses(id, name, evaluationCriteria) values (47, 'F43.9 Reakcja na ciężki stres, nieokreślona', 'brak');


insert into specialists(id, specialization_id, dateOfBirth, firstName, lastName, pesel) values (1, 1, '1950-05-05', 'Jan', 'Frojd', '50050591133'), (2, 2, '1970-08-08', 'Anna', 'Terapia', '70080856343'), (3, 3, '1965-06-06', 'Zdzisław', 'Warga-Dziąślak', '65060658413'), (4, 4, '1990-05-05', 'Daniel', 'Nowy', '90050581976'), (5, 1, '1999-09-09', 'Nowy', 'User', '99090972634');

insert into treatments(id, name, description) values (1, 'porada psychologiczna', 'krótkoterminowa forma pomocy - może być źródłem informacji o nurtujących pacjenta tematach, a także pomóc osobom z konkretnym dylematem, może być wstępem do leczenia psychoterapeutycznego lub psychiatrycznego'), (2, 'psychoterapia indywidualna', 'zamierzone i systematyczne działanie przy użyciu wypróbowanych metod, którego skutkiem ma być poprawa funkcjonowania człowieka w jego otoczeniu i zredukowanie zaburzeń psychicznych. Psychoterapeuta razem z pacjentem pracuje nad usunięciem objawów chorobowych i rozwojem osobowości'), (3, 'terapia uzależnień', 'Podczas terapii osoba uzależniona zdobywa wiedzę na temat uzależnienia, jego objawów, przebiegu, konsekwencji oraz wpływu na wszystkie sfery życia. Terapia ma również na celu wzmocnienie motywacji do rezygnacji z czynnika uzależniającego i przejęcia odpowiedzialności za swoje życie i zdrowie'), (4, 'badanie lekarskie', 'Badanie przeprowadzane przez lekarza psychiatrę'), (5, 'badanie psychologiczne (diagnoza) - osobowości', 'Pomiar różnych cech osobowości. Pozwala sprawdzić, czy osoba doświadcza trudności psychicznych wpływających na jej życie'), (6, 'badanie psychologiczne (diagnoza) - inteligencji', 'Ocena poziomu inteligencji'), (7, 'badanie psychologiczne (diagnoza) - funkcji poznawczych', 'Polega na ocenie sprawności procesów poznawczych takich jak: pamięci, koncentracji uwagi, mowy, zdolności myślenia oraz procesów emocjonalno-osobowościowych');

insert into roles(id, name) values (1, 'admin'), (2, 'user');

insert into users (id, enabled, specialist_id, username, password) values (1, 1, 1, 'jan', '$2a$10$qWodKqdvvW0GWP.ajNceNuCl.yOdqUjPwBHKbyFDjLo99iX02Mc46'), (2, 1, 2, 'anna', '$2a$10$uoYr5Y1b8Sa234ShpZx49Onp9F5FZKbrzStlwDepctBQVdntqlc.u'), (3, 1, 3, 'zdzislaw', '$2a$10$uoYr5Y1b8Sa234ShpZx49Onp9F5FZKbrzStlwDepctBQVdntqlc.u'), (4, 1, 4, 'daniel', '$2a$10$uoYr5Y1b8Sa234ShpZx49Onp9F5FZKbrzStlwDepctBQVdntqlc.u');
# insert into users (id, enabled, role_id, specialist_id, username, password) values (1, 1, 1, 1, 'jan', '$2a$10$qWodKqdvvW0GWP.ajNceNuCl.yOdqUjPwBHKbyFDjLo99iX02Mc46'), (2, 1, 2, 2, 'anna', '$2a$10$uoYr5Y1b8Sa234ShpZx49Onp9F5FZKbrzStlwDepctBQVdntqlc.u'), (3, 1, 2, 3, 'zdzislaw', '$2a$10$uoYr5Y1b8Sa234ShpZx49Onp9F5FZKbrzStlwDepctBQVdntqlc.u'), (4, 1, 2, 4, 'daniel', '$2a$10$uoYr5Y1b8Sa234ShpZx49Onp9F5FZKbrzStlwDepctBQVdntqlc.u');

insert into visits(id, dateOfVisit, timeOfVisit, description, patient_id, treatment_id, specialist_id) values (1, '2023-06-01', '10:00:00', 'Od ostatniego spotkania, pacjent ... itd.itp.', 1, 4, 1);
insert into visits(id, dateOfVisit, timeOfVisit, description, patient_id, treatment_id, specialist_id) values (2, '2023-06-01', '11:00:00', 'Od ostatniej porady, pacjent ... itd.itp.', 2, 2, 2);

insert into patients_specialists(patients_id, specialists_id)values (1, 1);
insert into patients_specialists(patients_id, specialists_id)values (2, 2);
insert into patients_specialists(patients_id, specialists_id)values (3, 1);
insert into patients_specialists(patients_id, specialists_id)values (3, 2);

insert into patients_diagnoses(diagnoses_id, patients_id) VALUES (1, 1);
insert into patients_diagnoses(diagnoses_id, patients_id) VALUES (15, 1);
insert into patients_diagnoses(diagnoses_id, patients_id) VALUES (30, 2);
insert into patients_diagnoses(diagnoses_id, patients_id) VALUES (45, 3);

insert into treatments_specialists(specialists_id, treatments_id)values (1, 4);
insert into treatments_specialists(specialists_id, treatments_id)values (2, 1);
insert into treatments_specialists(specialists_id, treatments_id)values (2, 2);
insert into treatments_specialists(specialists_id, treatments_id)values (3, 1);
insert into treatments_specialists(specialists_id, treatments_id)values (3, 3);
insert into treatments_specialists(specialists_id, treatments_id)values (4, 5);
insert into treatments_specialists(specialists_id, treatments_id)values (4, 6);
insert into treatments_specialists(specialists_id, treatments_id)values (4, 7);

insert into users_roles(roles_id, users_id) values (1, 1);
insert into users_roles(roles_id, users_id) values (2, 2);
insert into users_roles(roles_id, users_id) values (2, 3);
insert into users_roles(roles_id, users_id) values (2, 4);